,id,geo,public_metrics,lang,text,created_at,author_id,protected,verified,name,username,description,id,location,full_name,country_code,country,name,geo,id,place_type
0,1517686277574955009,{'place_id': '5b7b053903f56c57'},"{'retweet_count': 4, 'reply_count': 1, 'like_count': 1, 'quote_count': 1}",en,"#CANDIS #Autism #PSW #PWDAllies #PWDAlliesON #ODSP #Nurses #Doctors #CovidON #LTC #disabled
#disabilities #Mentalhealth
#LD #OW #Addiction #Homeless #OAP #Veterana 
#C7 #MAID #UNCRPD #UN #CRPD #CANDIS

#PWDVote2 &amp;
We are #LouderTogether!

Disabled Deserve Dignity 

Join Us! https://t.co/xOQUXwW9w4",2022-04-23T02:06:20.000Z,1378914275041943552,False,False,Canadian Disabled United #candis,canada_disabled,"Uniting Disabled Voices in Canada

#odsp #candis #pwd #disabled #disabilities #inclusion  #cdnpoli #uncrpd #odspoverty #CRPD  #PWDallies #PWDvote2 #PWDalliesON",1378914275041943552,Canada,"Cobourg, Ontario",CA,Canada,Cobourg,"{'type': 'Feature', 'bbox': [-78.214621, 43.631257, -78.118357, 43.99609], 'properties': {}}",5b7b053903f56c57,city
1,1512443815629627397,{'place_id': '4861b1488693a05f'},"{'retweet_count': 15, 'reply_count': 2, 'like_count': 45, 'quote_count': 0}",en,@CQualtro How about the historically significant amount of disabled Canadians living in legislated poverty thanks to no financial supports allowing them to actually live in dignity. Either on provincial disability benefits or federal cpp disability benefits. No help for those millions.,2022-04-08T14:54:40.000Z,473926531,False,False,Keith Fitzpatrick üá∫üá¶,RecoveryFitz,"My name is Keith, and i'm a grateful recovering addict(19+mths). Who's also a father, a disabled person, and sufferers from various mental health diseases.",473926531,"Labrador City, Newfoundland an","Labrador City, Newfoundland and Labrador",CA,Canada,Labrador City,"{'type': 'Feature', 'bbox': [-66.988403, 52.9230521, -66.886485, 52.995216], 'properties': {}}",4861b1488693a05f,city
2,1492236461357223938,{'place_id': '6a6d896ba1cb5dc4'},"{'retweet_count': 0, 'reply_count': 1, 'like_count': 0, 'quote_count': 0}",en,"People with disabilities deserve dignity. Homeless people deserve to be housed. Hungry people deserve to be fed. People living in poverty deserve to be lifted out it, permanently. Prisoners deserve to be treated like people. Students deserve to safe, healthy and happy.",2022-02-11T20:37:51.000Z,15357010,False,False,Christy G ‚úùÔ∏è üá∫üá¶ üíôüíõ,crgallinger,"Warrior of Christ, devoted wife, proponent of direct democracy & socialism, student of the Bible.",15357010,"Edmonton, Alberta","Edmonton, Alberta",CA,Canada,Edmonton,"{'type': 'Feature', 'bbox': [-113.71368, 53.395531, -113.271555, 53.7161084], 'properties': {}}",6a6d896ba1cb5dc4,city
3,1488862162420264963,"{'place_id': '36775d842cbec509', 'coordinates': {'type': 'Point', 'coordinates': [-73.6197588, 45.51950705]}}","{'retweet_count': 0, 'reply_count': 0, 'like_count': 0, 'quote_count': 0}",en,TW : World Leprosy Day: United for Dignity: Such initiatives could include increasing data collection on social exclusion and monitoring the impact of stigma reduction ... persons with disabilities or facing social exclusion. Initiatives should be taken‚Ä¶ https://t.co/e8NFMC6lbQ https://t.co/kPzwT5wA5n,2022-02-02T13:09:35.000Z,185789961,False,False,STIGMABASE | EDU,stigmabase,Dedicated to Education | Keeping up-to-date on global exclusion ‚Äî Serving the truth ‚Äî Stigmabase is a canadian internet non-profit Initiative. Founded in 2010,185789961,Worldwide,"Montr√©al, Qu√©bec",CA,Canada,Montr√©al,"{'type': 'Feature', 'bbox': [-73.972965, 45.410095, -73.473085, 45.705566], 'properties': {}}",36775d842cbec509,city
4,1484173455297810435,{'place_id': '38d5974e82ed1a6c'},"{'retweet_count': 0, 'reply_count': 0, 'like_count': 0, 'quote_count': 0}",en,I so very much agree with this @MikeSchreiner that #ODSP #Disability needs to &amp; has to be Double..So @fordnation @DrFullertonMPP why don't Yous do the right thing and #RaiseTheRates so People on #ODSP can have Affordability &amp; Dignity #onpoli #FordCruelty #VoteFordOut2022 https://t.co/VdCTHjzJYR,2022-01-20T14:38:21.000Z,124632191,False,False,CATHERINE SHORTT,TOMCAT7374,I'AM A VERY PROUD WIFE&MOTHER.I LOVE MAKING FRIENDS AND I ALSO LOVE HAVING A GOOD TIME WITH FAMILY&FRIENDS(AND NEW FRIENDS).,124632191,"OTTAWA,ONTARIO-CANADA","Ottawa, Ontario",CA,Canada,Ottawa,"{'type': 'Feature', 'bbox': [-76.353876, 44.961937, -75.246407, 45.5356446], 'properties': {}}",38d5974e82ed1a6c,city
5,1484137949210021890,{'place_id': '38d5974e82ed1a6c'},"{'retweet_count': 19, 'reply_count': 0, 'like_count': 36, 'quote_count': 2}",en,#ODSP rates are 22 percent below the poverty line and no significant raise in years. Appeals to get on disability support are running 2 years to be heared . Affordability and dignity is lacking in administrating this program #onpoli https://t.co/HxaFGQOqrp,2022-01-20T12:17:15.000Z,276383592,False,False,Ottawa South Greens,OSGreens,Support @MikeSchreiner @OntarioGreens for the Ontario we want & leadership we need... + @CanadianGreens. Authorized by CFO OS GPO CA & Agent OS Fed. GP Ass‚Äôn.,276383592,Ottawa,"Toronto, Ontario",CA,Canada,Toronto,"{'type': 'Feature', 'bbox': [-79.639319, 43.403221, -78.90582, 43.855401], 'properties': {}}",3797791ff9c0e4c6,city
6,1474207723692740613,{'place_id': '3797791ff9c0e4c6'},"{'retweet_count': 6, 'reply_count': 0, 'like_count': 14, 'quote_count': 2}",en,"more of THIS kind of public pressure PLEASE on one of the worst injustices this country is confronting right now and one that has been virtually ignored. People with disabilities deserve dignity + care, not legislated poverty. #pwd https://t.co/XAR9uuRc6d",2021-12-24T02:38:05.000Z,12923812,False,False,jennifer evans,nejsnave,Run programs that emerg feed + house up to 75 ppl daily. 20+ evictions saved. to help: @brendapotterr was: chair @whiteribbon @technationca is: @b2bnewsnetwork,12923812,Toronto,"Peterborough, Ontario",CA,Canada,Peterborough,"{'type': 'Feature', 'bbox': [-78.3879942, 44.252035, -78.268232, 44.377544], 'properties': {}}",32bdf27d67a9570d,city
7,1466810782193180680,{'place_id': '32bdf27d67a9570d'},"{'retweet_count': 2, 'reply_count': 0, 'like_count': 22, 'quote_count': 0}",en,"It‚Äôs #InternationalDayOfDisabledPeople  and, just a timely reminder, there are many types of disabilities, from obvious to invisible, severe to subtle. Temporary to permanent and chronic.
But all of them need to be treated with dignity.
We deserve dignity.",2021-12-03T16:45:17.000Z,4024560094,False,False,Julie Morris,JulieMoOnTheGo,"she/her. Sass and opinions all mine. Serial knitter, writer and baker in her spare time. Full-Time Nerd and proud of it. #screamingfirehawks #LegionOfJulies",4024560094,"Peterborough, Ontario","Victoria, British Columbia",CA,Canada,Victoria,"{'type': 'Feature', 'bbox': [-123.394397, 48.403014, -123.322362, 48.450447], 'properties': {}}",4fdbcad8c3ed7790,city
8,1458583200255528961,{'place_id': '4fdbcad8c3ed7790'},"{'retweet_count': 25, 'reply_count': 3, 'like_count': 39, 'quote_count': 0}",en,"The $375 shelter allowance for BC Persons with disabilities &amp; I/A is so outdated as It's been frozen since April 1, 2007.  It needs to be modernized to today‚Äôs market rental prices. 

 #bcpoli #dignity #EliminatePoverty 
#NoMorePovertyPWD @Daniel_Davies @NicholasSimons https://t.co/bqRBfVdT96",2021-11-10T23:51:48.000Z,628626183,False,False,Brent (Weatherman),Weatherman2709,"Disability Advocate,#GLBI #Dignity, #PWDAllies #AffordableHousing #CRPD Opinions are my own. https://t.co/mQpPDhkbDn",628626183,"Victoria, British Columbia","Hamilton, Ontario",CA,Canada,Hamilton,"{'type': 'Feature', 'bbox': [-80.248423, 43.050553, -79.578618, 43.470838], 'properties': {}}",4939b600461c30a4,city
9,1457794920098373632,{'place_id': '6a6d896ba1cb5dc4'},"{'retweet_count': 3, 'reply_count': 1, 'like_count': 13, 'quote_count': 0}",en,#Disability doesn‚Äôt rob someone of their dignity; it‚Äôs our reaction to disabled people that does that.,2021-11-08T19:39:28.000Z,2332614032,False,False,Leah,Out_OnA_Limb,#cPTSD #Disabled #MentalHealth #Caregiver #MeToo #Poverty #AbPoli Polinerd - politically homeless- there‚Äôs no party 4 all citizens. Activist ‚úäüèª Ableism üö´,2332614032,Treaty Six,"Mississauga, Ontario",CA,Canada,Mississauga,"{'type': 'Feature', 'bbox': [-79.810142, 43.373074, -79.422004, 43.737414], 'properties': {}}",5c43cbdfce4d3247,city
10,1455239357351096322,{'place_id': '4fdbcad8c3ed7790'},"{'retweet_count': 105, 'reply_count': 9, 'like_count': 131, 'quote_count': 16}",en,"Today marks 14 YEARS, 7 MONTHS since last time BC Persons with disabilities recieved increase to maximum $375/mo shelter allowance. It's been frozen since April 1, 2007.  @NicholasSimons @Daniel_Davies #bcpoli #dignity #poverty",2021-11-01T18:24:34.000Z,628626183,False,False,Katie Somers,theladykatie,Toronto Against Abortion activist #prolife #loveboth @noabortionTO Pro-life speaker for @righttolifeto Human Rights are for all human beings.,109360465,"Toronto, Ontario","Winnipeg, Manitoba",CA,Canada,Winnipeg,"{'type': 'Feature', 'bbox': [-97.350366, 49.713679, -96.954987, 49.993932], 'properties': {}}",0811cf61cd9ea52f,city
11,1448753192716603401,{'place_id': '3797791ff9c0e4c6'},"{'retweet_count': 0, 'reply_count': 2, 'like_count': 2, 'quote_count': 0}",en,"@SlaggitySlag @InstaFeminista I‚Äôm sure it‚Äôs not, but how we address it matters. We all will die, most of us lucky enough to die old, will experience disabilities. I think we are failing at such a huge part of life if people feel death is preferable to a feeling a loss of dignity. We need to fix, not w/death.",2021-10-14T20:50:52.000Z,109360465,False,False,Margaret Bennett,Bennett_HamCent,She/Her 2021 @liberal_party candidate Hamilton Centre. Hamilton Centre needs a voice at the table. Sharing ways you can bring your voice forward!,1422563611696844806,"Hamilton, Ontario","Langley, British Columbia",CA,Canada,Langley,"{'type': 'Feature', 'bbox': [-122.680109, 49.081959, -122.637216, 49.116318], 'properties': {}}",1825c9e5b0366d7e,city
12,1433450009580773379,{'place_id': '4939b600461c30a4'},"{'retweet_count': 7, 'reply_count': 0, 'like_count': 13, 'quote_count': 0}",en,"The @liberal_party fully-costed platform will:

üè• Protect our physical &amp; mental health
üå±move our economy towards a green future
üè° secure homes with dignity
ü§≤ work towards reconciliation 

All with a gender, disability, &amp; inclusion lens:

Readüëâ: https://t.co/sbDFURfmIQ https://t.co/TAZ5r7MJaX",2021-09-02T15:21:29.000Z,1422563611696844806,False,True,Robin Martin,RobinMartinPC,"Wife, mom of 2, lawyer, policy wonk, advocate, @OntarioPCParty Candidate for Eglinton-Lawrence Retweets ‚â† endorsements.",1187004211,Eglinton-Lawrence,"London, Ontario",CA,Canada,London,"{'type': 'Feature', 'bbox': [-81.391247, 42.824496, -81.106326, 43.073185], 'properties': {}}",1795f2e3639cab31,city
13,1432519694741876737,{'place_id': '3797791ff9c0e4c6'},"{'retweet_count': 55, 'reply_count': 7, 'like_count': 91, 'quote_count': 13}",en,"Today, my colleague @sujit_choudhry + @BakerLaw_TO filed suit in MB challenging the constitutionality of provincial clawbacks of disability benefits from people who receive CPP-D. üôè This is the first step forward in establishing new rights + life w dignity for #pwd. #cdnpoli https://t.co/Q5CVLwceDa",2021-08-31T01:44:44.000Z,12923812,False,True,"Rudy Cuzzetto, MPP üá®üá¶üá∫üá¶",RudyCuzzetto,"MPP for #MississaugaLakeshore. Parliamentary Assistant to @PrabSarkaria. Member, Committees on Estimates & Public Accounts. #TeamRudy #ForThePeople üá®üá¶üá∫üá¶",2218827961,"Mississauga, Ontario","Queens, Nova Scotia",CA,Canada,Queens,"{'type': 'Feature', 'bbox': [-65.396831, 42.974526, -63.484666, 44.537464], 'properties': {}}",14e368df67f81447,city
14,1414433039388602372,{'place_id': '4fdbcad8c3ed7790'},"{'retweet_count': 77, 'reply_count': 10, 'like_count': 121, 'quote_count': 9}",en,"14 YEARS, 3 MONTHS since the last time BC Persons with disabilities recieved an increase to the $375/mo shelter allowance for rent portion. It's been frozen since April 1, 2007. #bcpoli #raisetherates #dignity #poverty",2021-07-12T03:54:50.000Z,628626183,False,False,üáªüá®üíôüíõüá∫üá¶ The G.F. Liverpool‚Ñ¢¬© üá∫üá¶üíõüíôüáπüáπ,gfliverpool9966,@rrc #HumanResources & Computer App. grad. Armchair Sports/ Politics/ Current events pundit. No ‚ÄúDirect‚Äù Party Affiliation (Independent) Insta ID gliverpool9966,80292014,Ashamed to be in Canada,"Guelph, Ontario",CA,Canada,Guelph,"{'type': 'Feature', 'bbox': [-80.326879, 43.473802, -80.153377, 43.594596], 'properties': {}}",2740624a2d391c5c,city
15,1413212448589504514,{'place_id': '3797791ff9c0e4c6'},"{'retweet_count': 4, 'reply_count': 11, 'like_count': 19, 'quote_count': 0}",en,"I was very pleased to attend the ribbon cutting at the new Lou Fruitman Residence. 

For nearly 50 years, the @ReenaFoundation has supported individuals with developmental disabilities by offering a wide range of programs that promote dignity, independence &amp; personal growth. https://t.co/TxUoX9lS9O",2021-07-08T19:04:38.000Z,1187004211,False,False,Paula Schuck,inkscrblr,"Content creator, digital accounts manager, travel, parenting and health writer. Canadian Mom of two /keeper of the sanity. She/Her",42725028,Canada,"Markham, Ontario",CA,Canada,Markham,"{'type': 'Feature', 'bbox': [-79.429128, 43.798004, -79.170217, 43.963385], 'properties': {}}",7d2673c3623fe492,city
16,1407529770066272256,{'place_id': '5c43cbdfce4d3247'},"{'retweet_count': 1, 'reply_count': 0, 'like_count': 4, 'quote_count': 0}",en,"Initial recommendations have been proposed to help make our hospitals more accessible for Ontarians with disabilities, and to give them the independence and dignity they deserve. Please share your feedback before August 11. #AODA #Accessibility

Read more:
https://t.co/l2tzFOdSwZ https://t.co/fSFAE7WRXL",2021-06-23T02:43:42.000Z,2218827961,False,False,Belinda Fernandez,Belinda0871,"I help people build faith,and stay strong in hard times. I am an administrative professional. Ministry & Spirituality, Regis College Toronto. Wits SA Alumni.",115419319,Canada -  UK- SA - Zimbabwean ,"Cambridge, Ontario",CA,Canada,Cambridge,"{'type': 'Feature', 'bbox': [-80.413946, 43.332161, -80.251265, 43.4720567], 'properties': {}}",353c22ab906632de,city
17,1385058772431687681,{'place_id': '0811cf61cd9ea52f'},"{'retweet_count': 0, 'reply_count': 0, 'like_count': 2, 'quote_count': 0}",en,@JoannaNoBanana @darkpenguin_efb The feeling that my disability diagnosis not being respected in Canadian society. If I was in the United States or in some parts of Europe. I would be treated with more dignity and respect.,2021-04-22T02:31:59.000Z,80292014,False,False,Hubert Rodden,hubrod,,16225592,"√úT: 54.43139,-110.201267","East Gwillimbury, Ontario",CA,Canada,East Gwillimbury,"{'type': 'Feature', 'bbox': [-79.530928, 44.063506, -79.276168, 44.223301], 'properties': {}}",7c11c5e9e8688203,city
18,1382869778331672578,{'place_id': '0811cf61cd9ea52f'},"{'retweet_count': 0, 'reply_count': 0, 'like_count': 0, 'quote_count': 0}",en,@vankayak @BardishKW @HonAhmedHussen But in that same charter. People like #PWD are supposed to be treated with respect and dignity. Where is the Canada Disability Benefit? Targeting a piece of legislation like Bill C-7 isn‚Äôt that ‚ÄúCharter Friendly‚Äù,2021-04-16T01:33:42.000Z,80292014,False,False,Mike Ashkewe (Indigenous disability activist),BirdmanDodd,#Indigenous #Ojibwe #Disabled (He/Him) Opinions are my own Host @thisweekingeek Member of @guelphndp email mike@thisweekingeek.net tiktok / Insta @BirdmanDodd,13869742,"Guelph, Ontario","Regina, Saskatchewan",CA,Canada,Regina,"{'type': 'Feature', 'bbox': [-104.778398, 50.39659, -104.50339, 50.513682], 'properties': {}}",2c1be03622fe39b8,city
19,1377757704303697920,{'place_id': '1825c9e5b0366d7e'},"{'retweet_count': 32, 'reply_count': 3, 'like_count': 50, 'quote_count': 2}",en,"This is NO APRIL FOOL'S JOKE:üëéüëéüëé

Today marks 14 YEARS since the last time BC Persons with disabilities recieved an increase to the $375/mo shelter allowance for rent portion. It's been frozen since April 1, 2007. #bcpoli #povertylevel #raisetherates #dignity #poverty",2021-04-01T23:00:08.000Z,628626183,False,False,ùìêùìµùìµùì≤ùìºùì∏ùì∑ ùìúùì≤ùì¨ùì±ùìÆùìµùìµùìÆ ùìì üá®üá¶,Miss_Allison_D,"Canadian, pop culture, sports fan- Hardcore RaptorsüèÄ and Teamüá®üá¶ fan. I really‚ù§Ô∏è cats. Mental illness/fibromyalgia warrior üí™üèªüå∫ Atheist",23646663,"Unionville, Ontario","Brampton, Ontario",CA,Canada,Brampton,"{'type': 'Feature', 'bbox': [-79.888911, 43.60222, -79.630272, 43.847722], 'properties': {}}",1f4df2b4746ddea7,city
20,1375844930715803651,{'place_id': '1795f2e3639cab31'},"{'retweet_count': 0, 'reply_count': 0, 'like_count': 0, 'quote_count': 0}",en,How My Teen With A Disability Is Teaching Me About Dignity | CBC Parents https://t.co/iB0asKe9Ob,2021-03-27T16:19:28.000Z,42725028,False,False,Iain Davidson,blue_coat,Wolfville born now surviving here in ON,16752269,Ontario,"Richmond Hill, Ontario",CA,Canada,Richmond Hill,"{'type': 'Feature', 'bbox': [-79.485633, 43.829311, -79.371118, 43.977707], 'properties': {}}",34e47ddf52a690bc,city
21,1374132842003795971,{'place_id': '1825c9e5b0366d7e'},"{'retweet_count': 8, 'reply_count': 0, 'like_count': 10, 'quote_count': 0}",en,"It is critical that they get help now! #dignity #eliminatepoverty #respect #1800PovertyLevel for Persons with Disabilities across Canada @CQualtro

Disabled Canadians face uphill struggle for regular care as COVID-19 drains resources /via @globeandmail https://t.co/7t0k7wT9nu",2021-03-22T22:56:14.000Z,628626183,False,False,"Michael A. Moore, OCT, VPwithBMD ‚ôøÔ∏è",JohnRossVP,"OCT, Vice-Principal, he/him *Tweets are my own #Accessibility #Inclusion #MuscularDystrophy #BMD #2SLGBTQ+",1166659560,"Toronto, Ontario, Canada","Waterloo, Ontario",CA,Canada,Waterloo,"{'type': 'Feature', 'bbox': [-80.626184, 43.432944, -80.467648, 43.531359], 'properties': {}}",33ad9818da34b8ec,city
22,1370172098669330432,{'place_id': '3797791ff9c0e4c6'},"{'retweet_count': 0, 'reply_count': 0, 'like_count': 0, 'quote_count': 0}",en,"We‚Äôve proposed a solution to increase the help that goes to people living with disabilities to $2,000 a month, something that would give dignity and support to people that are facing challenges https://t.co/i2BR3cBxeo",2021-03-12T00:37:39.000Z,115419319,False,False,Joshua Mandryk,JMandryk,Labour & class actions lawyer. Fighting for workers‚Äô rights at @GPLLP. He/him.,274114074,Board Area 8,"British Columbia, Canada",CA,Canada,British Columbia,"{'type': 'Feature', 'bbox': [-139.060971, 48.22493, -114.054252, 60.000078], 'properties': {}}",3e71718681740cba,admin
23,1366489804074979328,{'place_id': '1825c9e5b0366d7e'},"{'retweet_count': 50, 'reply_count': 3, 'like_count': 73, 'quote_count': 3}",en,"Today marks 13 years, 11 months ago the last time BC Persons with disabilities recieved an increase to the $375/mo shelter allowance for rent portion. It's been frozen since April 1, 2007. #bcpoli #raisetherates #dignity #poverty https://t.co/JTU8kz4Zqx",2021-03-01T20:45:32.000Z,628626183,False,False,Samadhi Mora Severino,SamadhiMora,BIPOC - Venezuela| PhD Student @yorkuniversity| EDI-DI & Health Equity Consultant| Mom X2| tweets my own. retweet not endorsement.,2713506655,"Toronto, Ontario","Vaughan, Ontario",CA,Canada,Vaughan,"{'type': 'Feature', 'bbox': [-79.711527, 43.749761, -79.420056, 43.924448], 'properties': {}}",78d9392bd6093265,city
24,1364829730331979777,{'place_id': '1825c9e5b0366d7e'},"{'retweet_count': 1, 'reply_count': 0, 'like_count': 1, 'quote_count': 0}",en,@NicholasSimons @selinarobinson @Dave_Eby @bcpoli #raisetherates #dignity MLA Dan Davies ‚Äì Weekly Column ‚Äì  John Horgan must provide better COVID supports for people living with disabilities https://t.co/9VFRJxLC8F,2021-02-25T06:48:59.000Z,628626183,False,True,Scott Moe,PremierScottMoe,Premier of Saskatchewan & Leader of the @SaskParty.,204646101,Saskatchewan,"Whitby, Ontario",CA,Canada,Whitby,"{'type': 'Feature', 'bbox': [-79.047315, 43.589036, -78.737176, 44.02872], 'properties': {}}",146b4e4e831313bb,city
25,1359981278099959810,{'place_id': '6a6d896ba1cb5dc4'},"{'retweet_count': 0, 'reply_count': 0, 'like_count': 1, 'quote_count': 0}",en,@theJagmeetSingh @MPJulian @MosesZnaimer @CarpAdvocacy How about remove people forced to die in long term care? There is no dignity in institutions. #Abuse is rampant. People need a choice to live and die in community. #Inclusion #Seniors #Disability #LTC #CdnPoli,2021-02-11T21:42:58.000Z,2332614032,False,False,Brams United SC,BramsUnited,"Canada's leading female Club, located in #Brampton üá®üá¶ Development, Leadership, Community. 18 Provincial Titles, 1 National TitleüèÖhttps://t.co/QZ2oYta3mQ",3254134939,"Brampton, Ontario, Canada","Courtenay, British Columbia",CA,Canada,Courtenay,"{'type': 'Feature', 'bbox': [-125.032607, 49.647226, -124.933047, 49.740961], 'properties': {}}",4b426e22bf691a83,city
26,1357414223261802499,{'place_id': '6a6d896ba1cb5dc4'},"{'retweet_count': 1, 'reply_count': 1, 'like_count': 2, 'quote_count': 0}",en,"@NDP @theJagmeetSingh Start with providing responsible supports, more modified, adaptive, accessible homes so people can choose to live and die with dignity in their community. LTC Institutionalization is not a dignified choice, LTC is dehumanizing. #Seniors #Disability #CdnPoli",2021-02-04T19:42:25.000Z,2332614032,False,False,TaylorOttawa,TaylorOttawa,Wife to @Go_Taylor | Mom to 2 smart women | Work in #EmergencyManagement @ottawahealth | @RedCrossCanada Volunteer | Believe in Community & Public Service,63305063,"Ottawa, Ontario, Canada","Sechelt, British Columbia",CA,Canada,Sechelt,"{'type': 'Feature', 'bbox': [-123.848844, 49.431885, -123.67529, 49.551219], 'properties': {}}",63e830af2950007d,city
27,1356001188827676673,{'place_id': '6a6d896ba1cb5dc4'},"{'retweet_count': 4, 'reply_count': 0, 'like_count': 12, 'quote_count': 0}",en,@POTUS You know what else people miss? The fact that not all Americans can work due to disability or chronic illness. Where is the dignity for all people? https://t.co/wkuzwEOxAS,2021-01-31T22:07:31.000Z,2332614032,False,False,Sherry Caldwell,sherry_caldwell,"Organizer, connector, wife, mom to 4, volunteer and co-founder of the Ontario Disability Coalition. Let‚Äôs make Ministry of Disabilities a reality in Ontario.",26275673,"Ontario, Canada","Sarnia, Ontario",CA,Canada,Sarnia,"{'type': 'Feature', 'bbox': [-82.460031, 42.912194, -82.22671, 43.16149], 'properties': {}}",07acc59e29b2aedb,city
28,1349565916745383943,{'place_id': '6a6d896ba1cb5dc4'},"{'retweet_count': 3, 'reply_count': 1, 'like_count': 9, 'quote_count': 0}",en,@servicerotties @RajanJSaw Yeah people talk about dignity in death... where the fvck is the dignity for the living? #Eugenics Shame on ableist systems and people. #Disability,2021-01-14T03:56:02.000Z,2332614032,False,False,Noble Lady Ventures (Lady P),NoLa_Ventures,Settler. Human. Alchemistü¶Ñ It started as volunteering and turned into amazingness ‚ô° #CharitableEndeavours from the Heart! ‚ô° (she/her/they/them) #OwnViews,1017553698359271424,Haudenosaunee/Anishinaabe Terr,Calgary SCOPE Society,CA,Canada,Calgary SCOPE Society,"{'type': 'Feature', 'bbox': [-114.01050567626953, 51.04567337036133, -114.01050567626953, 51.04567337036133], 'properties': {}}",07d9f217af880001,poi
29,1344287251706986496,{'place_id': '3797791ff9c0e4c6'},"{'retweet_count': 0, 'reply_count': 1, 'like_count': 1, 'quote_count': 0}",en,this is RIDICULOUS. This system is so demeaning. it must be changed. grown adults are treated like this because they happen to be ppl living w disabilities. what is so difficult about DIGNITY. A 30 yr old mattress @fordnation @celliottability? our priorities are terrible. #onpoli https://t.co/KkLdndVgFt,2020-12-30T14:20:31.000Z,12923812,False,False,john mossa,johnyhansome,Social justice advocate for people with disabilities. Tweets are my own.,2637713279,"Toronto, Ontario","Nanaimo, British Columbia",CA,Canada,Nanaimo,"{'type': 'Feature', 'bbox': [-124.064698, 49.097301, -123.805298, 49.251768], 'properties': {}}",1bbb3bca095cc945,city
30,1341152716614230019,{'place_id': '14e368df67f81447'},"{'retweet_count': 0, 'reply_count': 1, 'like_count': 1, 'quote_count': 0}",en,"@denisebatters You know it isn't an either or. 

As a senator you can sponsor a bill that mandates that person's with disabilities have the support and means to live with dignity. 

Rather than fight against MAID fight to improve the life of the people you claim to care about 

#cdnpoli",2020-12-21T22:44:59.000Z,16225592,False,True,Rajan Sawhney,RajanJSaw,Minister of Transportation ‚Ä¢ @Alberta_UCP MLA for Calgary‚ÄîNorth East,1651690723,,"Calgary, Alberta",CA,Canada,Calgary,"{'type': 'Feature', 'bbox': [-114.3160379, 50.84278, -113.859664, 51.212548], 'properties': {}}",53504716d445dcad,city
31,1337124934909374465,{'place_id': '2740624a2d391c5c'},"{'retweet_count': 0, 'reply_count': 0, 'like_count': 0, 'quote_count': 0}",en,"People with disabilities from #ODSPoverty and others on OW and more deserve an income that is livable and sustainable. The @fordnation government has let down so many during the pandemic and cut off vital support from vulnerable communities. Raise the rates, restore dignity https://t.co/mlIH86KN9l",2020-12-10T20:00:01.000Z,13869742,False,True,Alex Bozikovic,alexbozikovic,"Architecture critic @GlobeandMail. Bestseller 305 Lost Buildings of Canada out now. Husband @livmendelsohn. ‚ÄúVery young. He will mature/decay in time"" - Atwood",101781053,No Mean City,"Fredericton, New Brunswick",CA,Canada,Fredericton,"{'type': 'Feature', 'bbox': [-66.783402, 45.868781, -66.549753, 46.022143], 'properties': {}}",349f43f819b079b9,city
32,1314340664377737217,{'place_id': '7d2673c3623fe492'},"{'retweet_count': 0, 'reply_count': 2, 'like_count': 1, 'quote_count': 0}",en,@WEIGHTABREEZE I agree we can look at the people in poverty and say the governments are discriminating against people on disability by not allowing them life and dignity equal to able working class people,2020-10-08T23:03:28.000Z,23646663,False,False,Bruce Dean üö≤ Right-Of-Way-aholic ü§¨,photowarrior,üá®üá¶üè¥‚Äç‚ò†Ô∏èüá∫üá∏ Harshly-Policed Activist/Photog/Farmer (Marijuana Cannabis)üå± / Writer / Artist / Radicalized Cyclist / eChopper / Invisible‚ôøÔ∏èDisability‚û°Ô∏èPoverty,198263394,"Victoria, BC",Little General,CA,Canada,Little General,"{'type': 'Feature', 'bbox': [-79.87786480004995, 44.74375335502113, -79.87786480004995, 44.74375335502113], 'properties': {}}",07d9def25bc81002,poi
33,1296481872898412547,{'place_id': '353c22ab906632de'},"{'retweet_count': 0, 'reply_count': 0, 'like_count': 0, 'quote_count': 0}",en,@sunlorrie I bet they still won't give those on disability enough to live with dignity. Less than half of CERB and even that was not enough to pay the bills in Toronto how do you think people on disability are doing in Toronto if CERB is not enough,2020-08-20T16:19:00.000Z,16752269,False,False,Stigmabase | NORDIC,StigmabaseN,Ireland ‚Äî Scotland ‚Äî Inuit ‚Äî  Svenska  | Keeping up-to-date on global exclusion ‚Äî Stigmabase is a canadian internet non-profit Initiative,191092262,Ireland | Scotland | Inuit | Skandinavien,"North Vancouver, British Columbia",CA,Canada,North Vancouver,"{'type': 'Feature', 'bbox': [-123.102655, 49.295539, -123.037795, 49.335674], 'properties': {}}",71ae4593b0caefd3,city
34,1294462137469992961,{'place_id': '3797791ff9c0e4c6'},"{'retweet_count': 3, 'reply_count': 0, 'like_count': 22, 'quote_count': 0}",en,"@tdsb Being fully informed is particularly important for some employees with a disability which places them at greater risk of COVID19 complications. The chronically ill and disabled are already marginalized and deserve to maintain health, safety and dignity during this pandemic.",2020-08-15T02:33:18.000Z,1166659560,False,False,RideJamesRide,RideJamesRide,Proud Dad of a boy with autism. In Aug 2018 James biked from Whitby ON to Coney Island NYC  to help disabled kids. All opinions & ideas shared are our own.,897550626682527745,"Whitby, Ontario",,,,,,,
35,1254644718446809089,{'place_id': '3797791ff9c0e4c6'},"{'retweet_count': 0, 'reply_count': 0, 'like_count': 8, 'quote_count': 0}",en,@BrookMishna @JanisIrwin Don‚Äôt we believe people on social assistance and disability ought to be able to live with dignity and security?,2020-04-27T05:33:05.000Z,274114074,False,False,Branka Halilovic,brankahalilovic,"Director, Administration UIT @yorkuniversity. Mom of two. Nature lover. City explorer. Life long learner.",736035800735965184,"Toronto, Ontario",,,,,,,
36,1236675632039432193,{'place_id': '3797791ff9c0e4c6'},"{'retweet_count': 0, 'reply_count': 0, 'like_count': 0, 'quote_count': 0}",en,"Dear @CatherineFrazee thank you for your leadership in advancing the rights of People with Disabilities in Canada. Cultivating dignity, autonomy, equality, and equity. ‚ù§Ô∏è",2020-03-08T15:30:21.000Z,2713506655,False,False,Meenu Sikand (She/Her/They),msikanda4a,"Founder/CEO, Accessibility for All; Exec. Lead  - EDI; IDEA Taskforce Co-chair; Holland Bloorview Kids Rehab Hospital. Views are mine. RT is not endorsement",1924656894,Canada Ontario,,,,,,,
37,1235642861669892096,{'place_id': '7c11c5e9e8688203'},"{'retweet_count': 0, 'reply_count': 0, 'like_count': 0, 'quote_count': 0}",en,"@RaeofSunshine79 @Thomsod @PatientsInclud @PatientCritical @ChildBrightNet 9. Think about universal design pedagogy in conference planning - what supports could everyone benefit from what regardless of disability? 

10. Valuing dignity, equality, equity, and autonomy. 

I have many more tips ..these are some.. from conferences I‚Äôve helped plan",2020-03-05T19:06:30.000Z,2713506655,False,False,Dawn Campbell,DawnChristineC,"Accessibility=Equity, https://t.co/wI6ouHRwIt #a11y PDF Account Manager (Canada), former Rick Hansen Foundation. Advocate all things accessibility,inclusion,equity",3333867671,"Whitby, Ontario",,,,,,,
38,1218314012670099456,{'place_id': '2c1be03622fe39b8'},"{'retweet_count': 2, 'reply_count': 0, 'like_count': 16, 'quote_count': 1}",en,"Today @FiazRegina helped open a new Clare Parker group home in #YQR

Our partnership with Clare Parker Homes supports SK's Disability Strategy. We're committed to building new residential services for people in need so they can live with independence &amp; dignity https://t.co/4yIpJMFnOY",2020-01-17T23:27:50.000Z,204646101,False,False,Cyndi Gerlach,CyndiGerlach,Improve inclusive opportunities for people w/disabilities in my community. Comments & tweets are my own. Trustee NVSD; Director IBC; Proudly Autistic,64892604,North Vancouver,,,,,,,
39,1204285248407687168,"{'place_id': '36775d842cbec509', 'coordinates': {'type': 'Point', 'coordinates': [-73.56726563, 45.63697547]}}","{'retweet_count': 1, 'reply_count': 0, 'like_count': 0, 'quote_count': 0}",en,"Fighting Stigma ‚Äî How people in leprosy colonies are fighting stigma for a life of dignity: While leprosy is curable and early treatment checks disabilities, the stigma associated with the disease continues to run deep. In 2017, there were 2.1¬†... https://t.co/CBfaZHgKng",2019-12-10T06:22:32.000Z,185789961,False,False,Ewan Ross,Mentoch,"Raptors fan, Blue Jays fan. Taker of Minds",43356503,"Vancouver, BC",,,,,,,
40,1201963722119548933,{'place_id': '1f4df2b4746ddea7'},"{'retweet_count': 1, 'reply_count': 1, 'like_count': 3, 'quote_count': 0}",en,"The purpose of Disability Day is to encourage a better understanding of people affected by disability, together with helping to make people more aware of the rights, dignity and welfare of disabled people. üë´ https://t.co/w1D8UG9vyf",2019-12-03T20:37:37.000Z,3254134939,False,False,Robert Hughes PLY,Robert_Hughes13,Paralympian. I enjoyed an 18 year athletics career. Statistician @Stinghockey (OHL) Fan of #LeafsForever #NextLevel #WeTheNorth #BillsMafia ü•å,266924060,"Sarnia, Canada",,,,,,,
41,1201958205229862912,{'place_id': '38d5974e82ed1a6c'},"{'retweet_count': 1, 'reply_count': 0, 'like_count': 2, 'quote_count': 0}",en,"International Day of Persons with Disabilities 

Raise Awareness 
Ensure Equity 
Ensure Equality 
Accessible Healthcare 
Promote Dignity
Take Action 
Remove Barriers 
Inclusion and Diversity https://t.co/oNJcxFyCxa",2019-12-03T20:15:42.000Z,63305063,False,False,Tema Smith,temasmith,Like Emma w/ a T. #BlackandJewish; @jdforward columnist; #AnkylosingSpondylitis; ‚òïÔ∏è fueled; Strong opinions are mine alone; She/Her; Professional: @TemaSmithADL,309090843,"Toronto, ON (Treaty 13) üá®üá¶",,,,,,,
42,1188598818125824002,{'place_id': '34e47ddf52a690bc'},"{'retweet_count': 8, 'reply_count': 2, 'like_count': 16, 'quote_count': 0}",en,Living with dignity would reflect Canadian values supports and funding must be put in place to improve the lives of people living with disabilities across Canada. #NationalDisabilityStrategy would be a social good and  a saftey net for our most vulnerable citizens. @JustinTrudeau https://t.co/O8qpPpxbhr,2019-10-27T23:30:15.000Z,26275673,False,False,Gerry LaHay üá®üá¶ ‚òïüìö,GerryLaHay,"Author of fiction and non, blogger, maker upper of words. Hotdog expert. Disability and Community Advocate.    #WritingCommunity",25356677,London Ontario,,,,,,,
43,1186295172591738881,{'place_id': '33ad9818da34b8ec'},"{'retweet_count': 0, 'reply_count': 0, 'like_count': 0, 'quote_count': 0}",en,"Please go &amp; vote as if you want the next generation to be even more educated, more informed, and courageous. (Because you do, don't you?)
Please vote as if your best friend has a disability &amp; deserves dignity. (Because they certainly do)",2019-10-21T14:56:24.000Z,1017553698359271424,False,False,John Humphrey Centre,jhcentre,The John Humphrey Centre for Peace & Human Rights is a non-profit dedicated to human rights education. || https://t.co/XGrP12jAmF,21243639,"amiskwaciw√¢skahikan|Alberta,CA",,,,,,,
44,1182664752381792256,{'place_id': '3797791ff9c0e4c6'},"{'retweet_count': 0, 'reply_count': 0, 'like_count': 1, 'quote_count': 0}",en,@andre_roberge @CACL_ACIC @MinJusticeEn @SusanDelacourt @RosieBarton @althiaraj @LisaLaFlammeCTV @DFriesenGlobal @ChantalHbert @IvisonJ @picardonhealth @MariekeWalsh @VassyKapelos Our beliefs R shaped by ableist medical model that socialize &amp; pressures U 2 choose death because it views disability as financial burden on society. The lack of proper supports in health/homecare pushes the idea that it is cheaper 2 kill pwd then support them 2 live with dignity,2019-10-11T14:30:24.000Z,2637713279,False,True,Stephen Lecce,Sflecce,Fighting for you & for the #nextgen. MPP for King-Vaughan. Ontario‚Äôs Minister of Education.,1276123381,"Vaughan, Ontario",,,,,,,
45,1158767154692362240,{'place_id': '6a6d896ba1cb5dc4'},"{'retweet_count': 7, 'reply_count': 1, 'like_count': 33, 'quote_count': 1}",en,Thank you Premier @jkenney &amp; @InclusionAB for a productive meeting last week. We're working hard every day to further the @Alberta_UCP &amp; @YourAlberta inclusive disability agenda: to support Albertans with disabilities to live full lives with dignity and equal opportunities #ableg https://t.co/pSInHAqP8I,2019-08-06T15:49:53.000Z,1651690723,False,False,DisabilityActionHall,Actionhall,"Telling Stories, Taking Action and Changing Lives since 1998",253199979,Alberta,,,,,,,
46,1151257995420086279,{'place_id': '3797791ff9c0e4c6'},"{'retweet_count': 0, 'reply_count': 1, 'like_count': 7, 'quote_count': 0}",en,"@Ward3Leader ‚ÄúResidents‚Äù should respect the safety and dignity of their neighbours with disabilities, children, and non-car-owning adults ‚Äúif they want to.‚Äù @stephenholyday",2019-07-16T22:31:10.000Z,101781053,False,False,–ú–∞—Ä–Ω—ñ –ü–∞–Ω–∞—Å üá∫üá¶üò∑üíâX 3,marnipanas,Canadian Certified Inclusion Professional. She/Her. Views are my own. #InclusiveHealth #HumanRights and 'Classic Ukrainian lady from like 100 years ago',211721267,Edmonton,,,,,,,
47,1135821589012832257,{'place_id': '3e71718681740cba'},"{'retweet_count': 1, 'reply_count': 0, 'like_count': 3, 'quote_count': 1}",en,"@Aarontheplanner A bicycle gave this barefoot Huck Finn escape from an abusive home.

Rolling thru this world gave me nature's bounty like Northern Lights, deep woods &amp; fitness.

Now, an #ebike saves my freedom &amp; dignity from my disability's pain &amp; poverty.

My üö¥‚Äç‚ôÄÔ∏è gives me life. #WorldBicycleDay https://t.co/DERzyTHQXf",2019-06-04T08:12:24.000Z,198263394,False,False,Mary Catharine,Mcbreadner,Trying to live my authentic life. Fighting for a better world. All views are my own.,276767040,"Edmonton, Alberta",,,,,,,
48,1131832974448648193,"{'place_id': '36775d842cbec509', 'coordinates': {'type': 'Point', 'coordinates': [-73.58919999, 45.65235815]}}","{'retweet_count': 0, 'reply_count': 0, 'like_count': 0, 'quote_count': 0}",en,Fighting Stigma : New disability payment system can restore some dignity to Scots relying on welfare benefits https://t.co/x9jk0XNYWN,2019-05-24T08:03:04.000Z,191092262,False,False,Terry Wiens,RollieSpokes,"Polio survivor, healthcare background, retired policy analyst, social justice defender, ""critical thinker"", fully vaccinated, I block trolls quickly",18120318,"Calgary, Alberta",,,,,,,
49,1118492607691280384,{'place_id': '3797791ff9c0e4c6'},"{'retweet_count': 0, 'reply_count': 0, 'like_count': 1, 'quote_count': 0}",en,@ehsteve2 Special services at home (ssah) allow people with all disabilities to live with dignity and saves on travel and clinical costs... And @fordnation has frozen funds to help these people.,2019-04-17T12:33:12.000Z,897550626682527745,False,False,Gabrielle Peters ‚ôøÔ∏è,mssinenomine,"Anyone who says you can't change the way things are is probably either afraid you will or ashamed they didn't try. ""Calls herself a disabled writer""",2827299613,"Vancouver, BC, Canada ",,,,,,,
50,1117891854463225856,{'place_id': '3797791ff9c0e4c6'},"{'retweet_count': 1, 'reply_count': 0, 'like_count': 6, 'quote_count': 0}",en,People with disabilities and their families deserve to be met with compassion and dignity in the province of Ontario. We can not work alone which is why Jack Cockwell‚Äôs contribution to the Accessibility Project is so important. -  The Honourable Lisa MacLeod @MacLeodLisa https://t.co/DcxryYWjXN,2019-04-15T20:46:02.000Z,736035800735965184,False,False,Louise - √Ç√ª üè≥Ô∏è‚Äçüåà‚ôøÔ∏è‚ößüò∑üíâüíâüíâ,au_louise,"Autistic from NB, Canada. Get your vaccines please! Bi, androgyne, She/They/ Autiste vivant au N.-B.,Canada. Faites-vous vacciner SVP! Bi, androgyne, Elle/Iel.",891793018805768192,"New Brunswick, Canada",,,,,,,
51,1116866658650468353,{'place_id': '78d9392bd6093265'},"{'retweet_count': 2, 'reply_count': 0, 'like_count': 12, 'quote_count': 0}",en,https://t.co/gXJ7u6LzFn Disability is not a deficit. Disability is part of human diversity. Inaccessible environments and oublic policy based on medicalized models creates deficits for persons with disabilities. #AccessibilityforAll #inclusion #Dignity #Disabilityrights #youth,2019-04-13T00:52:16.000Z,1924656894,False,False,Morgane Oger,MorganeOgerBC,"Make things better where we live. Defend all #HumanRights. Founder of @ogerfoundation.
Technology Manager in retail sector.
üá®üá¶üá´üá∑üè≥Ô∏è‚Äç‚ößÔ∏èüè≥Ô∏è‚Äçüåà",1650588223,"Vancouver, Canada",,,,,,,
52,1107824124561227776,{'place_id': '146b4e4e831313bb'},"{'retweet_count': 2, 'reply_count': 0, 'like_count': 9, 'quote_count': 0}",en,Still a bit in shock that in our amazing country with universal healthcare I gathered with other disability advocates @SCI_Ontario @modcanada to talk with MPPs about the lack of funding for people that need catheters #PeeForFree #dignity #PreventVisitsToHospitals https://t.co/19CCyZHfeD,2019-03-19T02:00:28.000Z,3333867671,False,False,Chris Hampson,serina_holt,"Truth seeker, avid drummer, ufo and conspiracy nut, 
I'm definitely a full cup of WTF! Lol",878291241229848576,"Midland, Ontario, Canada",,,,,,,
53,1101930730123223040,{'place_id': '4b426e22bf691a83'},"{'retweet_count': 0, 'reply_count': 0, 'like_count': 2, 'quote_count': 0}",en,Where‚Äôs the dignity and respect for people with disabilities https://t.co/RJ68DqjCPg,2019-03-02T19:42:13.000Z,64892604,False,False,Roger P Gervais,RogerPGervais,"EMCA, BA, PSW, CAPS. Passionate about the Right to Adequate Housing for Persons with Disabilities and sustainability of housing (social/economic/environmental).",1249376929,"Ottawa, Canada",,,,,,,
54,1086010419511095297,{'place_id': '63e830af2950007d'},"{'retweet_count': 0, 'reply_count': 1, 'like_count': 0, 'quote_count': 0}",en,"Its basically impossible to live with any sort of dignity on disability.

I go out and have a couple nights of fun over xmas, and I'm broke and living on raman for the last two weeks of the month.

Just sucks.",2019-01-17T21:20:35.000Z,43356503,False,False,Erin Oei,oei_erin,"I am trapped in the '80s but do not send help. I love the nostalgia; especially the toys, the tv & the movies. Now hand me my speak & spell.",823902917639839744,"Vancouver, B.C., Canada",,,,,,,
55,1083373636323606530,{'place_id': '07acc59e29b2aedb'},"{'retweet_count': 2, 'reply_count': 0, 'like_count': 2, 'quote_count': 0}",en,@fordnation Except for people with disabilities. You take away our dignity &amp; shame us . I was born with a disability &amp; the challenges I face daily don‚Äôt allow me to work full time !! &amp; why expect a significant other to fully support someone?? For the people !! It‚Äôs a joke !!,2019-01-10T14:42:57.000Z,266924060,,,,,,,,,,,,,,
56,1080993043015176192,{'place_id': '3797791ff9c0e4c6'},"{'retweet_count': 0, 'reply_count': 0, 'like_count': 0, 'quote_count': 0}",en,"@EliseRonan @CarlyPildis @HenMazzig @RudermanFdn We have SO MUCH WORK TO DO to humanize, and yes ‚Äî I really mean humanize ‚Äî people with disabilities, whether physical, mental, developmental or other. It DISGUSTS me the lack of dignity people are often afforded.",2019-01-04T01:03:19.000Z,309090843,,,,,,,,,,,,,,
57,1065709448939757568,{'place_id': '1795f2e3639cab31'},"{'retweet_count': 7, 'reply_count': 0, 'like_count': 7, 'quote_count': 0}",en,"So, @MacLeodLisa says applicants will be treated with dignity....but you're going to have to work extra hard to prove you have a disability?  It's already tough enough having to prove their disability. .. #onpoli #LdnOnt https://t.co/QGrocQBene",2018-11-22T20:51:47.000Z,25356677,,,,,,,,,,,,,,
58,1063268986165452801,"{'place_id': '6a6d896ba1cb5dc4', 'coordinates': {'type': 'Point', 'coordinates': [-113.5016, 53.5415]}}","{'retweet_count': 4, 'reply_count': 0, 'like_count': 13, 'quote_count': 2}",en,"Listen to perspectives on how #poverty, #disability and #dignity intersect. Poverty is more than not having money; it‚Äôs about community, safety and appropriate supports.
|
Link is in‚Ä¶ https://t.co/19liqkGMkH",2018-11-16T03:14:15.000Z,21243639,,,,,,,,,,,,,,
59,1062727656402247685,"{'place_id': '6a6d896ba1cb5dc4', 'coordinates': {'type': 'Point', 'coordinates': [-113.5016, 53.5415]}}","{'retweet_count': 1, 'reply_count': 0, 'like_count': 0, 'quote_count': 0}",en,"Learn first-hand from persons with disabilities about the damaging effect of labels and how to center dignity in our actions and conversations.
‚Ä¢
Link is in our bio
.
.
.
#PwD #ABHealth‚Ä¶ https://t.co/Dlt3HuHCxf",2018-11-14T15:23:12.000Z,21243639,,,,,,,,,,,,,,
60,1051888020536750081,"{'place_id': '6a6d896ba1cb5dc4', 'coordinates': {'type': 'Point', 'coordinates': [-113.48955, 53.51682]}}","{'retweet_count': 3, 'reply_count': 0, 'like_count': 5, 'quote_count': 2}",en,"WE ARE SOO EXCITED!! 
‚Ä¢
Dignity Day Improv Showcase
Weaving together film, narrative and comedy, performers from across the disabilities experience will share insights, hard truths and‚Ä¶ https://t.co/cJ2CnCkUMA",2018-10-15T17:30:21.000Z,21243639,,,,,,,,,,,,,,
61,1047256945898475520,"{'place_id': '6a6d896ba1cb5dc4', 'coordinates': {'type': 'Point', 'coordinates': [-113.48955, 53.51682]}}","{'retweet_count': 2, 'reply_count': 0, 'like_count': 3, 'quote_count': 0}",en,YEG Dignity 2018 aims to highlight the intersectionality of lived experiences of the community living with disabilities in and around #Edmonton. This initiative is an effort to amplify the‚Ä¶ https://t.co/F2xQB58xae,2018-10-02T22:48:07.000Z,21243639,,,,,,,,,,,,,,
62,1046879745571467270,{'place_id': '3797791ff9c0e4c6'},"{'retweet_count': 8, 'reply_count': 2, 'like_count': 37, 'quote_count': 1}",en,"As #AutismAwareness month begins, I want to thank the #Vaughan #KingTownship community for raising $250k to date at @WavesofChanges1 Gala supporting kids living with autism.

Together, we are giving hope &amp; ensuring human dignity for all Canadians with intellectual disabilities. https://t.co/7L7VLx7Y5m",2018-10-01T21:49:16.000Z,1276123381,,,,,,,,,,,,,,
63,1009592106732609537,{'place_id': '07d9f217af880001'},"{'retweet_count': 0, 'reply_count': 2, 'like_count': 1, 'quote_count': 0}",en,"@vicparkyyc @plasticfreeyyc Compostable less harmful to enviro straws, paper straws were used at the Disability Pride Parade-needs to be at every event  @dig_canada @greencalgary @disabprideAB #zerowaste #dignity #Access #Disability @Leah_McRorie @Bevhillsyeg #ableg #yyc #yycevents stop by anytime and ask",2018-06-21T00:21:30.000Z,253199979,,,,,,,,,,,,,,
64,1004727818150764545,{'place_id': '6a6d896ba1cb5dc4'},"{'retweet_count': 3, 'reply_count': 0, 'like_count': 13, 'quote_count': 0}",en,"Danielle recalls her time at @ChrysalisAB among the best years of her life.  For 50 years @ChrysalisAB has been connecting people with a range of disabilities with services, education and jobs ... and finding dignity, respect and love in those connections. #SpiritOfChrysalis https://t.co/FnMvsmrRR4",2018-06-07T14:12:33.000Z,211721267,,,,,,,,,,,,,,
65,939912967239360512,{'place_id': '4fdbcad8c3ed7790'},"{'retweet_count': 5, 'reply_count': 0, 'like_count': 12, 'quote_count': 0}",en,"@JustinTrudeau It's the SAME tweet @JustinTrudeau did last year, except this year I'm poorer AND ignored. #DisabilityRights #HumanRightsDay #housing #poverty #cdnpoli #RaiseTheRates #LivingWage #disability #pain #PoorAndIgnored How am I equal in dignity and rights? https://t.co/igv8jcO63v",2017-12-10T17:41:28.000Z,198263394,,,,,,,,,,,,,,
66,935509146228502528,{'place_id': '38d5974e82ed1a6c'},"{'retweet_count': 1, 'reply_count': 0, 'like_count': 2, 'quote_count': 0}",en,Can we stop talking about the business case for hiring workers with disabilities- it‚Äôs about dignity #inclusion #DWCanada workers are workers and everyone deserves the right to engage in work and support their families,2017-11-28T14:02:16.000Z,276767040,,,,,,,,,,,,,,
67,930181560766103552,{'place_id': '1bbb3bca095cc945'},"{'retweet_count': 0, 'reply_count': 0, 'like_count': 0, 'quote_count': 0}",en,@LabourStartCanE How far have we come?  Fighting #racism 20 years ago at #CLC now fighting #disability #agism https://t.co/eBcw6kINP1 https://t.co/0L9ymytHhA,2017-11-13T21:12:20.000Z,18120318,,,,,,,,,,,,,,
68,930129237176082434,{'place_id': '1bbb3bca095cc945'},"{'retweet_count': 0, 'reply_count': 0, 'like_count': 0, 'quote_count': 0}",en,@User1st Denying #webaccess is denying #Dignity it's hard enough to maintain #PRIDE living with a #disability even harder without @DignityForAllCA https://t.co/eBcw6kINP1,2017-11-13T17:44:25.000Z,18120318,,,,,,,,,,,,,,
69,905607686904979457,{'place_id': '53504716d445dcad'},"{'retweet_count': 2, 'reply_count': 0, 'like_count': 2, 'quote_count': 0}",en,'I did a 16 hour test to prove my disability would not go away 4 AISH' @BasicIncomeYYC @basicincomecdn #EnoughforAll where is the dignity? https://t.co/bZ93U0i35y,2017-09-07T01:44:32.000Z,253199979,,,,,,,,,,,,,,
70,905344420026867712,,"{'retweet_count': 1, 'reply_count': 1, 'like_count': 2, 'quote_count': 0}",en,Never ever attach the dignity of a human being to their potential value to the market  https://t.co/5Y2xaAy6Gd,2017-09-06T08:18:24.000Z,2827299613,,,,,,,,,,,,,,
71,900836414333628416,{'place_id': '349f43f819b079b9'},"{'retweet_count': 1, 'reply_count': 0, 'like_count': 2, 'quote_count': 0}",en,"PSA: Dignity does not depend on intellectual, physical, ""function"" or other characteristics. #disability #autism #ActuallyAutistic https://t.co/UJe017iPvv",2017-08-24T21:45:12.000Z,891793018805768192,,,,,,,,,,,,,,
72,888478621903364096,,"{'retweet_count': 9, 'reply_count': 1, 'like_count': 17, 'quote_count': 0}",en,Very proud of first step to a better BC: Helping persons with disabilities can live in dignity. https://t.co/oG5gpi3jTx #bcpoli #pwd #bcndp,2017-07-21T19:19:45.000Z,1650588223,,,,,,,,,,,,,,
73,879011207079895041,{'place_id': '78d9392bd6093265'},"{'retweet_count': 1, 'reply_count': 0, 'like_count': 5, 'quote_count': 0}",en,#Vaughan rallied in support of the @MetaCentre1986's mission: dignity &amp; support for all üá®üá¶ w/ developmental disabilities. Proud to support! https://t.co/NrFazdPhHB,2017-06-25T16:19:37.000Z,1276123381,,,,,,,,,,,,,,
74,878311304624312320,{'place_id': '07d9def25bc81002'},"{'retweet_count': 0, 'reply_count': 0, 'like_count': 0, 'quote_count': 0}",ht,"The Ontario disability clients deserve dignity √†nd enough mon√®y t√≤ live.
Our monies that we receive is less than minimum wage.",2017-06-23T17:58:27.000Z,878291241229848576,,,,,,,,,,,,,,
75,874019206961872897,,"{'retweet_count': 3, 'reply_count': 1, 'like_count': 10, 'quote_count': 1}",en,Bless me with some enforceable accessibility laws &amp;disability rights. Bless with some respect for my dignity &amp; privacy. Bless me with quiet.,2017-06-11T21:43:12.000Z,2827299613,,,,,,,,,,,,,,
76,870934111095050240,{'place_id': '38d5974e82ed1a6c'},"{'retweet_count': 0, 'reply_count': 1, 'like_count': 0, 'quote_count': 0}",en,"@firesafety4all Aren't they also denying the results of the @UN investigation? What a horrible message to children w/ disabilities, shatters dignity/hope.",2017-06-03T09:24:07.000Z,1249376929,,,,,,,,,,,,,,
77,856204210110480384,{'place_id': '1bbb3bca095cc945'},"{'retweet_count': 0, 'reply_count': 0, 'like_count': 0, 'quote_count': 0}",en,"#Disability is not #Politics to me, it's #polio life @bcndp and @bcliberals I want #dignity not #rhetoric https://t.co/zrFVyVMwLl",2017-04-23T17:52:45.000Z,18120318,,,,,,,,,,,,,,
78,850994811897208834,{'place_id': '71ae4593b0caefd3'},"{'retweet_count': 0, 'reply_count': 2, 'like_count': 4, 'quote_count': 0}",en,@rickygervais TY for portraying a man w/ intellectual disabilities w/ dignity. I've wkd w/ kids w/ disabilities &amp; learned more from them than vice versa üíú,2017-04-09T08:52:28.000Z,823902917639839744,,,,,,,,,,,,,,
